{"cameraMode":{"drawMode":0,"name":"Shaded","section":"Shading Mode"},"sceneLighting":false,"audioPlay":false,"sceneViewState":{"showFog":true,"showMaterialUpdate":false,"showSkybox":false,"showFlares":true,"showImageEffects":true,"showParticleSystems":true},"in2DMode":false,"pivot":{"x":-1.0111173391342164,"y":4.584570407867432,"z":1.1676490306854249},"rotation":{"x":0.512471616268158,"y":-0.17147569358348847,"z":0.10512761026620865,"w":0.8348886966705322},"size":5.371965408325195,"orthographic":true}