{"cameraMode":{"drawMode":0,"name":"Shaded","section":"Shading Mode"},"sceneLighting":false,"audioPlay":false,"sceneViewState":{"showFog":true,"showMaterialUpdate":false,"showSkybox":false,"showFlares":true,"showImageEffects":true,"showParticleSystems":true},"in2DMode":false,"pivot":{"x":-1.0111173391342164,"y":4.235328674316406,"z":1.1676490306854249},"rotation":{"x":0.5998896360397339,"y":-0.05270223692059517,"z":0.039650287479162219,"w":0.7973600029945374},"size":5.546507358551025,"orthographic":true}