{"cameraMode":{"drawMode":0,"name":"Shaded","section":"Shading Mode"},"sceneLighting":false,"audioPlay":false,"sceneViewState":{"showFog":true,"showMaterialUpdate":false,"showSkybox":false,"showFlares":true,"showImageEffects":true,"showParticleSystems":true},"in2DMode":false,"pivot":{"x":991.8919677734375,"y":585.640625,"z":5.8125},"rotation":{"x":0.09735070168972016,"y":-0.0014932905323803425,"z":0.00019236198568250984,"w":0.9953234195709229},"size":200.28074645996095,"orthographic":true}