{"cameraMode":{"drawMode":0,"name":"Shaded","section":"Shading Mode"},"sceneLighting":false,"audioPlay":false,"sceneViewState":{"showFog":true,"showMaterialUpdate":false,"showSkybox":false,"showFlares":true,"showImageEffects":true,"showParticleSystems":true},"in2DMode":false,"pivot":{"x":-1.0111173391342164,"y":4.235328674316406,"z":1.1676490306854249},"rotation":{"x":0.6189123392105103,"y":-0.05056145787239075,"z":0.039975304156541827,"w":0.7828112244606018},"size":5.546507358551025,"orthographic":true}