{"cameraMode":{"drawMode":0,"name":"Shaded","section":"Shading Mode"},"sceneLighting":false,"audioPlay":false,"sceneViewState":{"showFog":true,"showMaterialUpdate":false,"showSkybox":false,"showFlares":true,"showImageEffects":true,"showParticleSystems":true},"in2DMode":false,"pivot":{"x":-0.32871878147125246,"y":3.963716983795166,"z":0.42140161991119387},"rotation":{"x":0.0792190283536911,"y":0.519579291343689,"z":-0.04846065118908882,"w":0.8493604063987732},"size":5.569650173187256,"orthographic":true}