{"cameraMode":{"drawMode":0,"name":"Shaded","section":"Shading Mode"},"sceneLighting":false,"audioPlay":false,"sceneViewState":{"showFog":true,"showMaterialUpdate":false,"showSkybox":false,"showFlares":true,"showImageEffects":true,"showParticleSystems":true},"in2DMode":false,"pivot":{"x":-0.17273759841918946,"y":3.8021295070648195,"z":0.3837660551071167},"rotation":{"x":0.0792190283536911,"y":0.519579291343689,"z":-0.04846065118908882,"w":0.8493604063987732},"size":5.947754859924316,"orthographic":true}