{"cameraMode":{"drawMode":0,"name":"Shaded","section":"Shading Mode"},"sceneLighting":false,"audioPlay":false,"sceneViewState":{"showFog":true,"showMaterialUpdate":false,"showSkybox":false,"showFlares":true,"showImageEffects":true,"showParticleSystems":true},"in2DMode":false,"pivot":{"x":-1.0111173391342164,"y":4.235328674316406,"z":1.1676490306854249},"rotation":{"x":0.5129653215408325,"y":-0.05785137787461281,"z":0.034677837044000629,"w":0.8557555079460144},"size":5.546507358551025,"orthographic":true}