{"cameraMode":{"drawMode":0,"name":"Shaded","section":"Shading Mode"},"sceneLighting":false,"audioPlay":false,"sceneViewState":{"showFog":true,"showMaterialUpdate":false,"showSkybox":false,"showFlares":true,"showImageEffects":true,"showParticleSystems":true},"in2DMode":false,"pivot":{"x":-1.0111173391342164,"y":4.235328674316406,"z":1.1676490306854249},"rotation":{"x":0.49079281091690066,"y":0.001306944410316646,"z":-0.0007362070609815419,"w":0.8712751269340515},"size":5.546507358551025,"orthographic":true}