{"cameraMode":{"drawMode":0,"name":"Shaded","section":"Shading Mode"},"sceneLighting":false,"audioPlay":false,"sceneViewState":{"showFog":true,"showMaterialUpdate":false,"showSkybox":false,"showFlares":true,"showImageEffects":true,"showParticleSystems":true},"in2DMode":false,"pivot":{"x":-1.0111173391342164,"y":4.235328674316406,"z":1.1676490306854249},"rotation":{"x":0.5121240615844727,"y":-0.07580818980932236,"z":0.045441679656505588,"w":0.8543522357940674},"size":5.546507358551025,"orthographic":true}