{"cameraMode":{"drawMode":0,"name":"Shaded","section":"Shading Mode"},"sceneLighting":false,"audioPlay":false,"sceneViewState":{"showFog":true,"showMaterialUpdate":false,"showSkybox":false,"showFlares":true,"showImageEffects":true,"showParticleSystems":true},"in2DMode":false,"pivot":{"x":-0.6661190986633301,"y":4.0600433349609379,"z":0.8267159461975098},"rotation":{"x":0.0792190283536911,"y":0.519579291343689,"z":-0.04846065118908882,"w":0.8493604063987732},"size":6.052165985107422,"orthographic":true}