{"cameraMode":{"drawMode":0,"name":"Shaded","section":"Shading Mode"},"sceneLighting":false,"audioPlay":false,"sceneViewState":{"showFog":true,"showMaterialUpdate":false,"showSkybox":false,"showFlares":true,"showImageEffects":true,"showParticleSystems":true},"in2DMode":false,"pivot":{"x":-0.029996633529663087,"y":3.74222993850708,"z":1.3083083629608155},"rotation":{"x":0.0792190283536911,"y":0.519579291343689,"z":-0.04846065118908882,"w":0.8493604063987732},"size":4.670739650726318,"orthographic":true}