{"cameraMode":{"drawMode":0,"name":"Shaded","section":"Shading Mode"},"sceneLighting":false,"audioPlay":false,"sceneViewState":{"showFog":true,"showMaterialUpdate":false,"showSkybox":false,"showFlares":true,"showImageEffects":true,"showParticleSystems":true},"in2DMode":false,"pivot":{"x":-0.32871878147125246,"y":3.963716983795166,"z":0.42140161991119387},"rotation":{"x":0.06502322107553482,"y":0.6875753998756409,"z":-0.06204938888549805,"w":0.7205284833908081},"size":5.569650173187256,"orthographic":true}