{"cameraMode":{"drawMode":0,"name":"Shaded","section":"Shading Mode"},"sceneLighting":true,"audioPlay":false,"sceneViewState":{"showFog":true,"showMaterialUpdate":false,"showSkybox":true,"showFlares":true,"showImageEffects":true,"showParticleSystems":true},"in2DMode":false,"pivot":{"x":801.8536376953125,"y":311.25244140625,"z":7.627288818359375},"rotation":{"x":0.06775785237550736,"y":-0.002998069627210498,"z":0.0002004719863180071,"w":0.997702419757843},"size":954.5469970703125,"orthographic":false}