{"cameraMode":{"drawMode":0,"name":"Shaded","section":"Shading Mode"},"sceneLighting":false,"audioPlay":false,"sceneViewState":{"showFog":true,"showMaterialUpdate":false,"showSkybox":false,"showFlares":true,"showImageEffects":true,"showParticleSystems":true},"in2DMode":false,"pivot":{"x":-0.32871878147125246,"y":1.0853947401046754,"z":-1.0},"rotation":{"x":0.06775785237550736,"y":-0.002998069627210498,"z":0.0002004719863180071,"w":0.997702419757843},"size":5.154899597167969,"orthographic":false}