{"cameraMode":{"drawMode":0,"name":"Shaded","section":"Shading Mode"},"sceneLighting":false,"audioPlay":false,"sceneViewState":{"showFog":true,"showMaterialUpdate":false,"showSkybox":false,"showFlares":true,"showImageEffects":true,"showParticleSystems":true},"in2DMode":false,"pivot":{"x":1040.0828857421875,"y":542.1730346679688,"z":-5.7788238525390629},"rotation":{"x":-0.014685035683214665,"y":0.0254900474101305,"z":0.00037422808236442506,"w":0.9995694160461426},"size":149.90040588378907,"orthographic":false}