{"cameraMode":{"drawMode":0,"name":"Shaded","section":"Shading Mode"},"sceneLighting":false,"audioPlay":false,"sceneViewState":{"showFog":true,"showMaterialUpdate":false,"showSkybox":false,"showFlares":true,"showImageEffects":true,"showParticleSystems":true},"in2DMode":false,"pivot":{"x":-15.778783798217774,"y":-18.292476654052736,"z":72.13258361816406},"rotation":{"x":0.4679085910320282,"y":0.20955494046211244,"z":-0.11525192856788635,"w":0.8508138060569763},"size":49.49293518066406,"orthographic":false}