{"cameraMode":{"drawMode":0,"name":"Shaded","section":"Shading Mode"},"sceneLighting":false,"audioPlay":false,"sceneViewState":{"showFog":true,"showMaterialUpdate":false,"showSkybox":false,"showFlares":true,"showImageEffects":true,"showParticleSystems":true},"in2DMode":false,"pivot":{"x":950.2572631835938,"y":668.168212890625,"z":9.926422119140625},"rotation":{"x":0.06775785237550736,"y":-0.002998069627210498,"z":0.0002004719863180071,"w":0.997702419757843},"size":196.2128448486328,"orthographic":false}