{"cameraMode":{"drawMode":0,"name":"Shaded","section":"Shading Mode"},"sceneLighting":false,"audioPlay":false,"sceneViewState":{"showFog":true,"showMaterialUpdate":false,"showSkybox":false,"showFlares":true,"showImageEffects":true,"showParticleSystems":true},"in2DMode":false,"pivot":{"x":-30.158260345458986,"y":-23.526199340820314,"z":40.337242126464847},"rotation":{"x":0.4956556558609009,"y":0.5043421983718872,"z":-0.4992449879646301,"w":0.5007367134094238},"size":24.472740173339845,"orthographic":false}